lvl,category,be=ru,be+ru,be,ru+be,ru,other both,other be,other ru,no lang,be=ru%,be+ru%,be%,ru+be%,ru%,other both%,other be%,other ru%,no lang%
#,admin,0,0,0,0,0,0,0,0,0,0.000,0.000,0.000,0.000,0.000,0.000,0.000,0.000,0.000
,admin_level = 2,0,0,0,0,0,0,0,0,0,0.000,0.000,0.000,0.000,0.000,0.000,0.000,0.000,0.000
,admin_level = 4,0,0,0,0,0,0,0,0,0,0.000,0.000,0.000,0.000,0.000,0.000,0.000,0.000,0.000
,admin_level = 6,0,0,0,0,0,0,0,0,0,0.000,0.000,0.000,0.000,0.000,0.000,0.000,0.000,0.000
,admin_level = 8,0,0,0,0,0,0,0,0,0,0.000,0.000,0.000,0.000,0.000,0.000,0.000,0.000,0.000
,admin_level = 9,0,0,0,0,0,0,0,0,0,0.000,0.000,0.000,0.000,0.000,0.000,0.000,0.000,0.000
,::label = *,0,0,0,0,0,0,0,0,0,0.000,0.000,0.000,0.000,0.000,0.000,0.000,0.000,0.000
#,place,0,0,0,1,0,0,0,0,0,0.000,0.000,0.000,1.000,0.000,0.000,0.000,0.000,0.000
,place = city,0,0,0,0,0,0,0,0,0,0.000,0.000,0.000,0.000,0.000,0.000,0.000,0.000,0.000
,place = town,0,0,0,0,0,0,0,0,0,0.000,0.000,0.000,0.000,0.000,0.000,0.000,0.000,0.000
,place = village,0,0,0,0,0,0,0,0,0,0.000,0.000,0.000,0.000,0.000,0.000,0.000,0.000,0.000
,place = hamlet,0,0,0,0,0,0,0,0,0,0.000,0.000,0.000,0.000,0.000,0.000,0.000,0.000,0.000
,place = isolated_dwelling,0,0,0,0,0,0,0,0,0,0.000,0.000,0.000,0.000,0.000,0.000,0.000,0.000,0.000
,boundary = administrative,0,0,0,1,0,0,0,0,0,0.000,0.000,0.000,1.000,0.000,0.000,0.000,0.000,0.000
,traffic_sign = city_limit,0,0,0,0,0,0,0,0,0,0.000,0.000,0.000,0.000,0.000,0.000,0.000,0.000,0.000
,admin_level = *,0,0,0,1,0,0,0,0,0,0.000,0.000,0.000,1.000,0.000,0.000,0.000,0.000,0.000
#,allotments,470,2922,2,7,5,2,2,0,3,0.138,0.856,0.001,0.002,0.001,0.001,0.001,0.000,0.001
,place = allotments,465,2888,2,7,4,2,2,0,3,0.138,0.856,0.001,0.002,0.001,0.001,0.001,0.000,0.001
,landuse = allotments,447,2798,0,6,3,2,0,0,3,0.137,0.859,0.000,0.002,0.001,0.001,0.000,0.000,0.001
,allotments = *,4,32,0,0,0,0,0,0,0,0.111,0.889,0.000,0.000,0.000,0.000,0.000,0.000,0.000
#,locality,0,0,0,0,0,0,0,0,0,0.000,0.000,0.000,0.000,0.000,0.000,0.000,0.000,0.000
,place = locality,0,0,0,0,0,0,0,0,0,0.000,0.000,0.000,0.000,0.000,0.000,0.000,0.000,0.000
,abandoned:place = *,0,0,0,0,0,0,0,0,0,0.000,0.000,0.000,0.000,0.000,0.000,0.000,0.000,0.000
#,suburb,1,22,1,1,1,0,0,0,144,0.006,0.129,0.006,0.006,0.006,0.000,0.000,0.000,0.847
,landuse = cemetery,0,0,0,0,0,0,0,0,0,0.000,0.000,0.000,0.000,0.000,0.000,0.000,0.000,0.000
,landuse = commercial,0,0,0,0,1,0,0,0,5,0.000,0.000,0.000,0.000,0.167,0.000,0.000,0.000,0.833
,landuse = construction,0,0,0,0,0,0,0,0,1,0.000,0.000,0.000,0.000,0.000,0.000,0.000,0.000,1.000
,landuse = farmland,0,0,0,0,0,0,0,0,0,0.000,0.000,0.000,0.000,0.000,0.000,0.000,0.000,0.000
,landuse = farmyard,0,0,0,0,0,0,0,0,0,0.000,0.000,0.000,0.000,0.000,0.000,0.000,0.000,0.000
,landuse = residential,0,3,0,0,0,0,0,0,1,0.000,0.750,0.000,0.000,0.000,0.000,0.000,0.000,0.250
,landuse = retail,0,0,0,0,0,0,0,0,1,0.000,0.000,0.000,0.000,0.000,0.000,0.000,0.000,1.000
,leisure = park,0,0,0,0,0,0,0,0,1,0.000,0.000,0.000,0.000,0.000,0.000,0.000,0.000,1.000
,leisure = garden,0,0,1,0,0,0,0,0,0,0.000,0.000,1.000,0.000,0.000,0.000,0.000,0.000,0.000
,amenity = marketplace,0,0,0,0,0,0,0,0,1,0.000,0.000,0.000,0.000,0.000,0.000,0.000,0.000,1.000
,place = *,1,0,0,0,0,0,0,0,0,1.000,0.000,0.000,0.000,0.000,0.000,0.000,0.000,0.000
,residential = *,0,21,0,0,0,0,0,0,1,0.000,0.955,0.000,0.000,0.000,0.000,0.000,0.000,0.045
,landuse = *,0,1,0,1,0,0,0,0,135,0.000,0.007,0.000,0.007,0.000,0.000,0.000,0.000,0.985
#,natural,0,0,0,0,0,0,0,0,2,0.000,0.000,0.000,0.000,0.000,0.000,0.000,0.000,1.000
,place = island,0,0,0,0,0,0,0,0,0,0.000,0.000,0.000,0.000,0.000,0.000,0.000,0.000,0.000
,place = islet,0,0,0,0,0,0,0,0,0,0.000,0.000,0.000,0.000,0.000,0.000,0.000,0.000,0.000
,landuse = forest,0,0,0,0,0,0,0,0,0,0.000,0.000,0.000,0.000,0.000,0.000,0.000,0.000,0.000
,leisure = nature_reserve,0,0,0,0,0,0,0,0,0,0.000,0.000,0.000,0.000,0.000,0.000,0.000,0.000,0.000
,boundary = *,0,0,0,0,0,0,0,0,1,0.000,0.000,0.000,0.000,0.000,0.000,0.000,0.000,1.000
,natural = *,0,0,0,0,0,0,0,0,0,0.000,0.000,0.000,0.000,0.000,0.000,0.000,0.000,0.000
,ele = *,0,0,0,0,0,0,0,0,1,0.000,0.000,0.000,0.000,0.000,0.000,0.000,0.000,1.000
#,water,0,0,0,0,0,0,0,0,0,0.000,0.000,0.000,0.000,0.000,0.000,0.000,0.000,0.000
,waterway = drain,0,0,0,0,0,0,0,0,0,0.000,0.000,0.000,0.000,0.000,0.000,0.000,0.000,0.000
,waterway = ditch,0,0,0,0,0,0,0,0,0,0.000,0.000,0.000,0.000,0.000,0.000,0.000,0.000,0.000
,waterway = stream,0,0,0,0,0,0,0,0,0,0.000,0.000,0.000,0.000,0.000,0.000,0.000,0.000,0.000
,waterway = river,0,0,0,0,0,0,0,0,0,0.000,0.000,0.000,0.000,0.000,0.000,0.000,0.000,0.000
,waterway = canal,0,0,0,0,0,0,0,0,0,0.000,0.000,0.000,0.000,0.000,0.000,0.000,0.000,0.000
,type = waterway,0,0,0,0,0,0,0,0,0,0.000,0.000,0.000,0.000,0.000,0.000,0.000,0.000,0.000
,type = watershed,0,0,0,0,0,0,0,0,0,0.000,0.000,0.000,0.000,0.000,0.000,0.000,0.000,0.000
,natural = water,0,0,0,0,0,0,0,0,0,0.000,0.000,0.000,0.000,0.000,0.000,0.000,0.000,0.000
,natural = spring,0,0,0,0,0,0,0,0,0,0.000,0.000,0.000,0.000,0.000,0.000,0.000,0.000,0.000
,tunnel = *,0,0,0,0,0,0,0,0,0,0.000,0.000,0.000,0.000,0.000,0.000,0.000,0.000,0.000
,waterway = *,0,0,0,0,0,0,0,0,0,0.000,0.000,0.000,0.000,0.000,0.000,0.000,0.000,0.000
,water = *,0,0,0,0,0,0,0,0,0,0.000,0.000,0.000,0.000,0.000,0.000,0.000,0.000,0.000
#,highway,0,0,0,5,0,0,0,0,3,0.000,0.000,0.000,0.625,0.000,0.000,0.000,0.000,0.375
,highway = motorway,0,0,0,0,0,0,0,0,0,0.000,0.000,0.000,0.000,0.000,0.000,0.000,0.000,0.000
,highway = trunk,0,0,0,0,0,0,0,0,0,0.000,0.000,0.000,0.000,0.000,0.000,0.000,0.000,0.000
,highway = primary,0,0,0,0,0,0,0,0,3,0.000,0.000,0.000,0.000,0.000,0.000,0.000,0.000,1.000
,highway = secondary,0,0,0,4,0,0,0,0,0,0.000,0.000,0.000,1.000,0.000,0.000,0.000,0.000,0.000
,highway = tertiary,0,0,0,0,0,0,0,0,0,0.000,0.000,0.000,0.000,0.000,0.000,0.000,0.000,0.000
,highway = unclassified,0,0,0,0,0,0,0,0,0,0.000,0.000,0.000,0.000,0.000,0.000,0.000,0.000,0.000
,highway = residential,0,0,0,0,0,0,0,0,0,0.000,0.000,0.000,0.000,0.000,0.000,0.000,0.000,0.000
,highway = service,0,0,0,0,0,0,0,0,0,0.000,0.000,0.000,0.000,0.000,0.000,0.000,0.000,0.000
,highway = track,0,0,0,0,0,0,0,0,0,0.000,0.000,0.000,0.000,0.000,0.000,0.000,0.000,0.000
,type = associatedStreet,0,0,0,1,0,0,0,0,0,0.000,0.000,0.000,1.000,0.000,0.000,0.000,0.000,0.000
,type = street,0,0,0,0,0,0,0,0,0,0.000,0.000,0.000,0.000,0.000,0.000,0.000,0.000,0.000
,highway = *,0,0,0,0,0,0,0,0,0,0.000,0.000,0.000,0.000,0.000,0.000,0.000,0.000,0.000
,bridge = *,0,0,0,0,0,0,0,0,0,0.000,0.000,0.000,0.000,0.000,0.000,0.000,0.000,0.000
#,public_transport,0,9,0,3,0,0,0,0,9,0.000,0.429,0.000,0.143,0.000,0.000,0.000,0.000,0.429
,highway = bus_stop,0,3,0,0,0,0,0,0,8,0.000,0.273,0.000,0.000,0.000,0.000,0.000,0.000,0.727
,type = route,0,0,0,0,0,0,0,0,0,0.000,0.000,0.000,0.000,0.000,0.000,0.000,0.000,0.000
,type = route_master,0,0,0,0,0,0,0,0,0,0.000,0.000,0.000,0.000,0.000,0.000,0.000,0.000,0.000
,type = disused:route,0,0,0,0,0,0,0,0,0,0.000,0.000,0.000,0.000,0.000,0.000,0.000,0.000,0.000
,type = public_transport,0,3,0,1,0,0,0,0,0,0.000,0.750,0.000,0.250,0.000,0.000,0.000,0.000,0.000
,building = train_station,0,0,0,0,0,0,0,0,0,0.000,0.000,0.000,0.000,0.000,0.000,0.000,0.000,0.000
,building = transportation,0,0,0,0,0,0,0,0,0,0.000,0.000,0.000,0.000,0.000,0.000,0.000,0.000,0.000
,amenity = bus_station,0,0,0,0,0,0,0,0,0,0.000,0.000,0.000,0.000,0.000,0.000,0.000,0.000,0.000
,amenity = ferry_terminal,0,0,0,0,0,0,0,0,0,0.000,0.000,0.000,0.000,0.000,0.000,0.000,0.000,0.000
,public_transport = *,0,9,0,2,0,0,0,0,8,0.000,0.474,0.000,0.105,0.000,0.000,0.000,0.000,0.421
,route = *,0,0,0,1,0,0,0,0,0,0.000,0.000,0.000,1.000,0.000,0.000,0.000,0.000,0.000
,route_master = *,0,0,0,0,0,0,0,0,0,0.000,0.000,0.000,0.000,0.000,0.000,0.000,0.000,0.000
,railway = *,0,0,0,0,0,0,0,0,0,0.000,0.000,0.000,0.000,0.000,0.000,0.000,0.000,0.000
,aeroway = *,0,0,0,0,0,0,0,0,1,0.000,0.000,0.000,0.000,0.000,0.000,0.000,0.000,1.000
#,industrial,1,1,0,6,0,0,0,0,51,0.017,0.017,0.000,0.102,0.000,0.000,0.000,0.000,0.864
,landuse = industrial,1,1,0,5,0,0,0,0,42,0.020,0.020,0.000,0.102,0.000,0.000,0.000,0.000,0.857
,building = industrial,0,0,0,1,0,0,0,0,9,0.000,0.000,0.000,0.100,0.000,0.000,0.000,0.000,0.900
,building = warehouse,0,0,0,0,0,0,0,0,0,0.000,0.000,0.000,0.000,0.000,0.000,0.000,0.000,0.000
,office = construction_company,0,0,0,0,0,0,0,0,0,0.000,0.000,0.000,0.000,0.000,0.000,0.000,0.000,0.000
,industrial = *,1,0,0,4,0,0,0,0,15,0.050,0.000,0.000,0.200,0.000,0.000,0.000,0.000,0.750
#,infrastructure,17,33,0,73,1,1,0,0,527,0.026,0.051,0.000,0.112,0.002,0.002,0.000,0.000,0.808
,amenity = fuel,0,0,0,0,0,0,0,0,1,0.000,0.000,0.000,0.000,0.000,0.000,0.000,0.000,1.000
,building = service,0,0,0,0,0,0,0,0,1,0.000,0.000,0.000,0.000,0.000,0.000,0.000,0.000,1.000
,barrier = *,9,26,0,3,1,0,0,0,51,0.100,0.289,0.000,0.033,0.011,0.000,0.000,0.000,0.567
,power = *,0,7,0,1,0,0,0,0,466,0.000,0.015,0.000,0.002,0.000,0.000,0.000,0.000,0.983
,substation = *,0,0,0,0,0,0,0,0,2,0.000,0.000,0.000,0.000,0.000,0.000,0.000,0.000,1.000
,pipeline = *,0,0,0,0,0,0,0,0,1,0.000,0.000,0.000,0.000,0.000,0.000,0.000,0.000,1.000
,man_made = *,8,1,0,69,0,1,0,0,8,0.092,0.011,0.000,0.793,0.000,0.011,0.000,0.000,0.092
,embankment = *,0,0,0,0,0,0,0,0,0,0.000,0.000,0.000,0.000,0.000,0.000,0.000,0.000,0.000
#,religion,0,1,0,1,0,0,0,0,2,0.000,0.250,0.000,0.250,0.000,0.000,0.000,0.000,0.500
,amenity = place_of_worship,0,0,0,0,0,0,0,0,1,0.000,0.000,0.000,0.000,0.000,0.000,0.000,0.000,1.000
,amenity = monastery,0,0,0,0,0,0,0,0,0,0.000,0.000,0.000,0.000,0.000,0.000,0.000,0.000,0.000
,amenity = grave_yard,0,0,0,0,0,0,0,0,0,0.000,0.000,0.000,0.000,0.000,0.000,0.000,0.000,0.000
,building = church,0,0,0,0,0,0,0,0,1,0.000,0.000,0.000,0.000,0.000,0.000,0.000,0.000,1.000
,building = cathedral,0,0,0,0,0,0,0,0,0,0.000,0.000,0.000,0.000,0.000,0.000,0.000,0.000,0.000
,building = chapel,0,0,0,0,0,0,0,0,0,0.000,0.000,0.000,0.000,0.000,0.000,0.000,0.000,0.000
,religion = *,0,1,0,1,0,0,0,0,2,0.000,0.250,0.000,0.250,0.000,0.000,0.000,0.000,0.500
,cemetery = *,0,0,0,0,0,0,0,0,0,0.000,0.000,0.000,0.000,0.000,0.000,0.000,0.000,0.000
#,education,1,13,0,12,2,0,2,2,129,0.006,0.081,0.000,0.075,0.012,0.000,0.012,0.012,0.801
,landuse = education,0,3,0,5,0,0,2,1,25,0.000,0.083,0.000,0.139,0.000,0.000,0.056,0.028,0.694
,amenity = university,0,4,0,4,0,0,2,1,14,0.000,0.160,0.000,0.160,0.000,0.000,0.080,0.040,0.560
,amenity = college,0,1,0,3,1,0,0,1,35,0.000,0.024,0.000,0.073,0.024,0.000,0.000,0.024,0.854
,amenity = school,1,5,0,3,1,0,0,0,52,0.016,0.081,0.000,0.048,0.016,0.000,0.000,0.000,0.839
,amenity = kindergarten,0,2,0,1,0,0,0,0,14,0.000,0.118,0.000,0.059,0.000,0.000,0.000,0.000,0.824
,amenity = arts_centre,0,0,0,0,0,0,0,0,2,0.000,0.000,0.000,0.000,0.000,0.000,0.000,0.000,1.000
,amenity = music_school,0,0,0,0,0,0,0,0,4,0.000,0.000,0.000,0.000,0.000,0.000,0.000,0.000,1.000
,building = university,0,1,0,1,0,0,0,0,0,0.000,0.500,0.000,0.500,0.000,0.000,0.000,0.000,0.000
,building = college,0,0,0,0,0,0,0,0,3,0.000,0.000,0.000,0.000,0.000,0.000,0.000,0.000,1.000
,building = school,0,0,0,1,0,0,0,0,9,0.000,0.000,0.000,0.100,0.000,0.000,0.000,0.000,0.900
,building = kindergarten,0,1,0,0,0,0,0,0,0,0.000,1.000,0.000,0.000,0.000,0.000,0.000,0.000,0.000
,building = dormitory,0,0,0,0,0,0,0,0,1,0.000,0.000,0.000,0.000,0.000,0.000,0.000,0.000,1.000
,office = educational_institution,0,0,0,1,0,0,0,0,0,0.000,0.000,0.000,1.000,0.000,0.000,0.000,0.000,0.000
,faculty = *,0,0,0,0,0,0,0,0,0,0.000,0.000,0.000,0.000,0.000,0.000,0.000,0.000,0.000
#,healthcare,1,6,0,5,0,0,0,0,61,0.014,0.082,0.000,0.068,0.000,0.000,0.000,0.000,0.836
,amenity = hospital,1,4,0,1,0,0,0,0,45,0.020,0.078,0.000,0.020,0.000,0.000,0.000,0.000,0.882
,amenity = pharmacy,0,0,0,0,0,0,0,0,0,0.000,0.000,0.000,0.000,0.000,0.000,0.000,0.000,0.000
,amenity = clinic,0,2,0,0,0,0,0,0,5,0.000,0.286,0.000,0.000,0.000,0.000,0.000,0.000,0.714
,amenity = doctors,0,0,0,4,0,0,0,0,5,0.000,0.000,0.000,0.444,0.000,0.000,0.000,0.000,0.556
,amenity = dentist,0,0,0,0,0,0,0,0,2,0.000,0.000,0.000,0.000,0.000,0.000,0.000,0.000,1.000
,amenity = veterinary,0,0,0,0,0,0,0,0,0,0.000,0.000,0.000,0.000,0.000,0.000,0.000,0.000,0.000
,building = hospital,0,1,0,0,0,0,0,0,1,0.000,0.500,0.000,0.000,0.000,0.000,0.000,0.000,0.500
,building = clinic,0,0,0,0,0,0,0,0,0,0.000,0.000,0.000,0.000,0.000,0.000,0.000,0.000,0.000
,emergency = *,1,4,0,0,0,0,0,0,31,0.028,0.111,0.000,0.000,0.000,0.000,0.000,0.000,0.861
,healthcare = *,1,6,0,5,0,0,0,0,40,0.019,0.115,0.000,0.096,0.000,0.000,0.000,0.000,0.769
#,government,1,6,0,8,3,3,2,1,149,0.006,0.035,0.000,0.046,0.017,0.017,0.012,0.006,0.861
,amenity = fire_station,0,2,0,3,2,1,0,0,12,0.000,0.100,0.000,0.150,0.100,0.050,0.000,0.000,0.600
,amenity = ranger_station,0,0,0,0,0,0,0,0,0,0.000,0.000,0.000,0.000,0.000,0.000,0.000,0.000,0.000
,amenity = townhall,0,0,0,1,0,0,1,0,2,0.000,0.000,0.000,0.250,0.000,0.000,0.250,0.000,0.500
,amenity = post_office,0,0,0,1,0,0,0,0,47,0.000,0.000,0.000,0.021,0.000,0.000,0.000,0.000,0.979
,amenity = post_box,0,0,0,0,0,0,0,0,0,0.000,0.000,0.000,0.000,0.000,0.000,0.000,0.000,0.000
,amenity = police,0,2,0,0,0,1,0,0,16,0.000,0.105,0.000,0.000,0.000,0.053,0.000,0.000,0.842
,amenity = prison,0,0,0,1,0,0,0,0,1,0.000,0.000,0.000,0.500,0.000,0.000,0.000,0.000,0.500
,amenity = courthouse,0,0,0,0,0,0,0,0,0,0.000,0.000,0.000,0.000,0.000,0.000,0.000,0.000,0.000
,amenity = customs,0,0,0,0,0,0,0,0,1,0.000,0.000,0.000,0.000,0.000,0.000,0.000,0.000,1.000
,amenity = mortuary,0,0,0,0,0,0,0,0,1,0.000,0.000,0.000,0.000,0.000,0.000,0.000,0.000,1.000
,amenity = library,0,0,0,0,0,0,0,0,2,0.000,0.000,0.000,0.000,0.000,0.000,0.000,0.000,1.000
,amenity = theatre,0,1,0,0,0,0,0,0,1,0.000,0.500,0.000,0.000,0.000,0.000,0.000,0.000,0.500
,amenity = cinema,0,0,0,0,0,0,0,0,0,0.000,0.000,0.000,0.000,0.000,0.000,0.000,0.000,0.000
,amenity = community_centre,1,0,0,0,0,0,0,0,6,0.143,0.000,0.000,0.000,0.000,0.000,0.000,0.000,0.857
,amenity = social_facility,0,0,0,0,0,0,0,0,5,0.000,0.000,0.000,0.000,0.000,0.000,0.000,0.000,1.000
,amenity = public_building,0,0,0,0,0,0,0,0,0,0.000,0.000,0.000,0.000,0.000,0.000,0.000,0.000,0.000
,amenity = public_bath,0,0,0,0,0,0,0,0,0,0.000,0.000,0.000,0.000,0.000,0.000,0.000,0.000,0.000
,amenity = vehicle_inspection,0,0,0,0,0,0,0,0,0,0.000,0.000,0.000,0.000,0.000,0.000,0.000,0.000,0.000
,office = government,0,0,0,2,1,1,2,1,42,0.000,0.000,0.000,0.041,0.020,0.020,0.041,0.020,0.857
,office = diplomatic,0,0,0,0,0,0,0,0,0,0.000,0.000,0.000,0.000,0.000,0.000,0.000,0.000,0.000
,office = newspaper,0,0,0,0,0,0,0,0,0,0.000,0.000,0.000,0.000,0.000,0.000,0.000,0.000,0.000
,office = research,0,0,0,0,0,0,0,0,5,0.000,0.000,0.000,0.000,0.000,0.000,0.000,0.000,1.000
,office = forestry,0,0,0,0,0,0,0,0,1,0.000,0.000,0.000,0.000,0.000,0.000,0.000,0.000,1.000
,office = energy_supplier,0,0,0,0,0,0,0,0,3,0.000,0.000,0.000,0.000,0.000,0.000,0.000,0.000,1.000
,office = utility,0,0,0,0,0,0,0,0,0,0.000,0.000,0.000,0.000,0.000,0.000,0.000,0.000,0.000
,office = foundation,0,0,0,0,0,0,0,0,0,0.000,0.000,0.000,0.000,0.000,0.000,0.000,0.000,0.000
,office = notary,0,0,0,0,0,0,0,0,0,0.000,0.000,0.000,0.000,0.000,0.000,0.000,0.000,0.000
,building = public,0,1,0,0,0,0,0,0,6,0.000,0.143,0.000,0.000,0.000,0.000,0.000,0.000,0.857
,landuse = military,0,0,0,0,0,0,0,0,5,0.000,0.000,0.000,0.000,0.000,0.000,0.000,0.000,1.000
,government = *,0,0,0,2,1,1,1,1,34,0.000,0.000,0.000,0.050,0.025,0.025,0.025,0.025,0.850
,military = *,0,0,0,0,0,0,0,0,2,0.000,0.000,0.000,0.000,0.000,0.000,0.000,0.000,1.000
,embassy = *,0,0,0,0,0,0,0,0,0,0.000,0.000,0.000,0.000,0.000,0.000,0.000,0.000,0.000
,diplomatic = *,0,0,0,0,0,0,0,0,0,0.000,0.000,0.000,0.000,0.000,0.000,0.000,0.000,0.000
#,bank,0,0,0,0,0,0,0,0,9,0.000,0.000,0.000,0.000,0.000,0.000,0.000,0.000,1.000
,amenity = atm,0,0,0,0,0,0,0,0,0,0.000,0.000,0.000,0.000,0.000,0.000,0.000,0.000,0.000
,amenity = bank,0,0,0,0,0,0,0,0,8,0.000,0.000,0.000,0.000,0.000,0.000,0.000,0.000,1.000
,amenity = bureau_de_change,0,0,0,0,0,0,0,0,1,0.000,0.000,0.000,0.000,0.000,0.000,0.000,0.000,1.000
#,tourism,0,1,0,0,0,0,0,0,5,0.000,0.167,0.000,0.000,0.000,0.000,0.000,0.000,0.833
,building = bunker,0,0,0,0,0,0,0,0,0,0.000,0.000,0.000,0.000,0.000,0.000,0.000,0.000,0.000
,building = ruins,0,0,0,0,0,0,0,0,0,0.000,0.000,0.000,0.000,0.000,0.000,0.000,0.000,0.000
,amenity = fountain,0,0,0,0,0,0,0,0,0,0.000,0.000,0.000,0.000,0.000,0.000,0.000,0.000,0.000
,tourism = *,0,1,0,0,0,0,0,0,5,0.000,0.167,0.000,0.000,0.000,0.000,0.000,0.000,0.833
,historic = *,0,1,0,0,0,0,0,0,1,0.000,0.500,0.000,0.000,0.000,0.000,0.000,0.000,0.500
,memorial = *,0,1,0,0,0,0,0,0,0,0.000,1.000,0.000,0.000,0.000,0.000,0.000,0.000,0.000
,ruins = *,0,0,0,0,0,0,0,0,1,0.000,0.000,0.000,0.000,0.000,0.000,0.000,0.000,1.000
,information = *,0,0,0,0,0,0,0,0,0,0.000,0.000,0.000,0.000,0.000,0.000,0.000,0.000,0.000
,attraction = *,0,0,0,0,0,0,0,0,0,0.000,0.000,0.000,0.000,0.000,0.000,0.000,0.000,0.000
,artwork_type = *,0,0,0,0,0,0,0,0,0,0.000,0.000,0.000,0.000,0.000,0.000,0.000,0.000,0.000
#,sport,0,1,0,1,0,0,1,0,17,0.000,0.050,0.000,0.050,0.000,0.000,0.050,0.000,0.850
,amenity = sanatorium,0,0,0,0,0,0,0,0,1,0.000,0.000,0.000,0.000,0.000,0.000,0.000,0.000,1.000
,leisure = *,0,1,0,1,0,0,1,0,16,0.000,0.053,0.000,0.053,0.000,0.000,0.053,0.000,0.842
,sport = *,0,0,0,0,0,0,1,0,9,0.000,0.000,0.000,0.000,0.000,0.000,0.100,0.000,0.900
,resort = *,0,0,0,1,0,0,0,0,3,0.000,0.000,0.000,0.250,0.000,0.000,0.000,0.000,0.750
#,office,0,0,0,1,0,0,0,0,17,0.000,0.000,0.000,0.056,0.000,0.000,0.000,0.000,0.944
,office = *,0,0,0,1,0,0,0,0,17,0.000,0.000,0.000,0.056,0.000,0.000,0.000,0.000,0.944
#,amenity,0,0,0,1,2,0,0,0,20,0.000,0.000,0.000,0.043,0.087,0.000,0.000,0.000,0.870
,amenity = cafe,0,0,0,0,0,0,0,0,1,0.000,0.000,0.000,0.000,0.000,0.000,0.000,0.000,1.000
,amenity = fast_food,0,0,0,0,0,0,0,0,0,0.000,0.000,0.000,0.000,0.000,0.000,0.000,0.000,0.000
,amenity = restaurant,0,0,0,0,0,0,0,0,1,0.000,0.000,0.000,0.000,0.000,0.000,0.000,0.000,1.000
,amenity = bar,0,0,0,0,0,0,0,0,0,0.000,0.000,0.000,0.000,0.000,0.000,0.000,0.000,0.000
,shop = convenience,0,0,0,0,0,0,0,0,0,0.000,0.000,0.000,0.000,0.000,0.000,0.000,0.000,0.000
,shop = clothes,0,0,0,0,0,0,0,0,0,0.000,0.000,0.000,0.000,0.000,0.000,0.000,0.000,0.000
,shop = car_repair,0,0,0,0,0,0,0,0,1,0.000,0.000,0.000,0.000,0.000,0.000,0.000,0.000,1.000
,shop = hairdresser,0,0,0,0,0,0,0,0,0,0.000,0.000,0.000,0.000,0.000,0.000,0.000,0.000,0.000
,shop = chemist,0,0,0,0,0,0,0,0,0,0.000,0.000,0.000,0.000,0.000,0.000,0.000,0.000,0.000
,shop = supermarket,0,0,0,0,0,0,0,0,0,0.000,0.000,0.000,0.000,0.000,0.000,0.000,0.000,0.000
,shop = car_parts,0,0,0,0,0,0,0,0,2,0.000,0.000,0.000,0.000,0.000,0.000,0.000,0.000,1.000
,shop = furniture,0,0,0,0,0,0,0,0,0,0.000,0.000,0.000,0.000,0.000,0.000,0.000,0.000,0.000
,shop = hardware,0,0,0,0,0,0,0,0,0,0.000,0.000,0.000,0.000,0.000,0.000,0.000,0.000,0.000
,shop = kiosk,0,0,0,0,0,0,0,0,0,0.000,0.000,0.000,0.000,0.000,0.000,0.000,0.000,0.000
,shop = doityourself,0,0,0,0,0,0,0,0,1,0.000,0.000,0.000,0.000,0.000,0.000,0.000,0.000,1.000
,shop = pet,0,0,0,0,0,0,0,0,0,0.000,0.000,0.000,0.000,0.000,0.000,0.000,0.000,0.000
,shop = florist,0,0,0,0,0,0,0,0,0,0.000,0.000,0.000,0.000,0.000,0.000,0.000,0.000,0.000
,shop = beauty,0,0,0,0,0,0,0,0,0,0.000,0.000,0.000,0.000,0.000,0.000,0.000,0.000,0.000
,shop = mobile_phone,0,0,0,0,0,0,0,0,0,0.000,0.000,0.000,0.000,0.000,0.000,0.000,0.000,0.000
,shop = shoes,0,0,0,0,0,0,0,0,0,0.000,0.000,0.000,0.000,0.000,0.000,0.000,0.000,0.000
,shop = newsagent,0,0,0,0,0,0,0,0,0,0.000,0.000,0.000,0.000,0.000,0.000,0.000,0.000,0.000
,shop = electronics,0,0,0,0,0,0,0,0,0,0.000,0.000,0.000,0.000,0.000,0.000,0.000,0.000,0.000
,shop = alcohol,0,0,0,0,0,0,0,0,0,0.000,0.000,0.000,0.000,0.000,0.000,0.000,0.000,0.000
,shop = jewelry,0,0,0,0,0,0,0,0,0,0.000,0.000,0.000,0.000,0.000,0.000,0.000,0.000,0.000
,shop = mall,0,0,0,0,1,0,0,0,0,0.000,0.000,0.000,0.000,1.000,0.000,0.000,0.000,0.000
,shop = butcher,0,0,0,0,0,0,0,0,0,0.000,0.000,0.000,0.000,0.000,0.000,0.000,0.000,0.000
,shop = cosmetics,0,0,0,0,0,0,0,0,1,0.000,0.000,0.000,0.000,0.000,0.000,0.000,0.000,1.000
,craft = shoemaker,0,0,0,0,0,0,0,0,0,0.000,0.000,0.000,0.000,0.000,0.000,0.000,0.000,0.000
,amenity = *,0,0,0,1,1,0,0,0,7,0.000,0.000,0.000,0.111,0.111,0.000,0.000,0.000,0.778
,shop = *,0,0,0,0,0,0,0,0,3,0.000,0.000,0.000,0.000,0.000,0.000,0.000,0.000,1.000
,clothes = *,0,0,0,0,0,0,0,0,0,0.000,0.000,0.000,0.000,0.000,0.000,0.000,0.000,0.000
,club = *,0,0,0,0,0,0,0,0,3,0.000,0.000,0.000,0.000,0.000,0.000,0.000,0.000,1.000
#,building,1,5,0,1,2,1,2,0,78,0.011,0.056,0.000,0.011,0.022,0.011,0.022,0.000,0.867
,building = yes,1,3,0,1,1,1,2,0,61,0.014,0.043,0.000,0.014,0.014,0.014,0.029,0.000,0.871
,building = retail,0,0,0,0,0,0,0,0,1,0.000,0.000,0.000,0.000,0.000,0.000,0.000,0.000,1.000
,building = commercial,0,0,0,0,0,0,0,0,5,0.000,0.000,0.000,0.000,0.000,0.000,0.000,0.000,1.000
,building = office,0,0,0,0,0,0,0,0,6,0.000,0.000,0.000,0.000,0.000,0.000,0.000,0.000,1.000
,building = house,0,0,0,0,0,0,0,0,0,0.000,0.000,0.000,0.000,0.000,0.000,0.000,0.000,0.000
,building = apartments,0,0,0,0,0,0,0,0,0,0.000,0.000,0.000,0.000,0.000,0.000,0.000,0.000,0.000
,building = residential,0,0,0,0,0,0,0,0,0,0.000,0.000,0.000,0.000,0.000,0.000,0.000,0.000,0.000
,building = construction,0,0,0,0,0,0,0,0,0,0.000,0.000,0.000,0.000,0.000,0.000,0.000,0.000,0.000
,building = kiosk,0,0,0,0,0,0,0,0,0,0.000,0.000,0.000,0.000,0.000,0.000,0.000,0.000,0.000
,building = *,0,2,0,0,1,0,0,0,4,0.000,0.286,0.000,0.000,0.143,0.000,0.000,0.000,0.571
,building:part = *,0,0,0,0,0,0,0,0,1,0.000,0.000,0.000,0.000,0.000,0.000,0.000,0.000,1.000
,entrance = *,0,0,0,0,0,0,0,0,0,0.000,0.000,0.000,0.000,0.000,0.000,0.000,0.000,0.000
#,other,0,0,0,0,0,0,0,0,1,0.000,0.000,0.000,0.000,0.000,0.000,0.000,0.000,1.000
#,TOTAL,482,2969,2,120,13,6,7,3,1087,0.103,0.633,0.000,0.026,0.003,0.001,0.001,0.001,0.232
